City_ID,City,Country,Lat,Lng,Max Temp,Humidity,Cloudiness,Wind Speed,Current Description,rainfall 1hr,snowfall 1hr,Date
0,Kununurra,AU,-15.77,128.73,62.6,30,0,2.24,clear sky,0.0,0.0,2020-06-14 19:27:13
1,Oistins,BB,13.07,-59.53,87.8,62,20,20.8,few clouds,0.0,0.0,2020-06-14 19:23:12
2,Eureka,US,40.8,-124.16,68.0,50,93,4.0,overcast clouds,0.0,0.0,2020-06-14 19:24:55
3,Lodja,CD,-3.48,23.43,74.32,54,0,1.57,clear sky,0.0,0.0,2020-06-14 19:27:13
4,Mayo,US,38.89,-76.51,75.99,56,1,8.05,clear sky,0.0,0.0,2020-06-14 19:27:14
5,Qaanaaq,GL,77.48,-69.36,41.85,71,0,5.14,clear sky,0.0,0.0,2020-06-14 19:27:14
6,Kahului,US,20.89,-156.47,82.4,54,20,21.92,few clouds,0.0,0.0,2020-06-14 19:27:07
7,Isangel,VU,-19.55,169.27,71.6,88,20,6.93,few clouds,0.0,0.0,2020-06-14 19:27:14
8,Fort-Shevchenko,KZ,44.51,50.26,89.11,28,0,26.57,clear sky,0.0,0.0,2020-06-14 19:27:15
9,Sabha,LY,27.04,14.43,98.1,9,0,10.8,clear sky,0.0,0.0,2020-06-14 19:27:15
10,Punta Arenas,CL,-53.15,-70.92,35.6,93,90,13.87,light rain,0.0,0.0,2020-06-14 19:27:15
11,Mataura,NZ,-46.19,168.86,39.0,83,98,3.0,overcast clouds,0.0,0.0,2020-06-14 19:27:15
12,Cape Town,ZA,-33.93,18.42,57.99,93,75,6.93,light rain,0.25,0.0,2020-06-14 19:25:41
13,Albany,US,42.6,-73.97,73.99,34,20,1.01,few clouds,0.0,0.0,2020-06-14 19:27:16
14,Busselton,AU,-33.65,115.33,54.0,67,77,9.75,broken clouds,0.0,0.0,2020-06-14 19:27:16
15,Hamilton,US,39.18,-84.53,73.99,53,75,5.82,broken clouds,0.0,0.0,2020-06-14 19:23:28
16,Husavik,IS,66.04,-17.34,60.8,51,100,12.75,overcast clouds,0.0,0.0,2020-06-14 19:27:16
17,Yulara,AU,-25.24,130.99,44.6,65,59,5.82,broken clouds,0.0,0.0,2020-06-14 19:22:33
18,Vestmannaeyjar,IS,63.44,-20.27,50.0,81,90,17.22,overcast clouds,0.0,0.0,2020-06-14 19:27:17
19,Srednekolymsk,RU,67.45,153.68,69.87,42,0,4.56,clear sky,0.0,0.0,2020-06-14 19:27:17
20,Acarau,BR,-2.89,-40.12,82.53,78,38,10.67,light rain,0.68,0.0,2020-06-14 19:27:17
21,Ushuaia,AR,-54.8,-68.3,33.8,74,40,6.93,scattered clouds,0.0,0.0,2020-06-14 19:26:54
22,Hermanus,ZA,-34.42,19.23,55.0,96,100,7.9,moderate rain,2.45,0.0,2020-06-14 19:27:18
23,Dunedin,NZ,-45.87,170.5,44.01,67,96,1.99,overcast clouds,0.0,0.0,2020-06-14 19:23:09
24,Gabu,GW,12.28,-14.22,94.6,42,12,1.81,few clouds,0.0,0.0,2020-06-14 19:27:18
25,Yellowknife,CA,62.46,-114.35,66.2,42,20,21.92,few clouds,0.0,0.0,2020-06-14 19:24:02
26,San Rafael Del Sur,NI,11.85,-86.44,86.14,64,92,5.88,light rain,0.14,0.0,2020-06-14 19:27:18
27,Te Anau,NZ,-45.42,167.72,45.37,82,100,5.86,overcast clouds,0.0,0.0,2020-06-14 19:27:19
28,Tilichiki,RU,60.47,166.1,47.19,69,55,0.72,broken clouds,0.0,0.0,2020-06-14 19:27:04
29,Mahebourg,MU,-20.41,57.7,71.6,83,20,9.17,few clouds,0.0,0.0,2020-06-14 19:27:19
30,Ahtopol,BG,42.1,27.95,68.0,100,40,5.82,scattered clouds,0.0,0.0,2020-06-14 19:27:19
31,Manturovo,RU,58.34,44.76,50.97,82,0,2.13,clear sky,0.0,0.0,2020-06-14 19:27:19
32,Hilo,US,19.73,-155.09,75.99,78,90,4.7,moderate rain,1.53,0.0,2020-06-14 19:26:41
33,Goderich,CA,43.75,-81.72,61.0,70,7,12.35,clear sky,0.0,0.0,2020-06-14 19:27:20
34,Mackenzie,CA,55.3,-123.17,50.0,93,90,6.2,light rain,0.0,0.0,2020-06-14 19:27:20
35,Siedlce,PL,52.17,22.29,61.0,67,5,6.58,clear sky,0.0,0.0,2020-06-14 19:27:20
36,Rikitea,PF,-23.12,-134.97,75.76,81,0,18.16,clear sky,0.0,0.0,2020-06-14 19:27:21
37,New Norfolk,AU,-42.78,147.06,54.0,83,14,3.0,few clouds,0.0,0.0,2020-06-14 19:27:21
38,Gat,IL,31.61,34.76,75.99,75,0,8.32,clear sky,0.0,0.0,2020-06-14 19:27:21
39,Porbandar,IN,21.64,69.61,86.22,83,100,9.55,overcast clouds,0.0,0.0,2020-06-14 19:27:18
40,Mananara,MG,-16.17,49.77,67.42,80,0,6.8,clear sky,0.0,0.0,2020-06-14 19:27:22
41,Sao Filipe,CV,14.9,-24.5,77.43,78,0,10.54,clear sky,0.0,0.0,2020-06-14 19:27:10
42,Chicama,PE,-7.84,-79.15,73.62,56,36,9.93,scattered clouds,0.0,0.0,2020-06-14 19:27:23
43,Upata,VE,8.01,-62.4,82.99,77,100,3.0,moderate rain,2.17,0.0,2020-06-14 19:27:23
44,Abalak,RU,58.13,68.59,47.62,70,3,7.25,clear sky,0.0,0.0,2020-06-14 19:27:23
45,Hithadhoo,MV,-0.6,73.08,83.75,74,100,11.3,moderate rain,1.08,0.0,2020-06-14 19:27:23
46,Kavieng,PG,-2.57,150.8,82.67,76,100,6.49,light rain,0.13,0.0,2020-06-14 19:27:23
47,Castro,BR,-24.79,-50.01,59.13,91,100,9.4,overcast clouds,0.0,0.0,2020-06-14 19:27:24
48,Lebu,CL,-37.62,-73.65,54.1,56,36,5.86,scattered clouds,0.0,0.0,2020-06-14 19:27:24
49,Pitimbu,BR,-7.47,-34.81,82.4,78,75,13.87,broken clouds,0.0,0.0,2020-06-14 19:23:32
50,Saint-Augustin,CA,51.23,-58.65,56.5,46,0,13.42,clear sky,0.0,0.0,2020-06-14 19:27:24
51,Lorengau,PG,-2.02,147.27,82.54,75,100,7.96,overcast clouds,0.0,0.0,2020-06-14 19:27:25
52,Denia,ES,38.84,0.11,75.0,45,7,5.99,clear sky,0.0,0.0,2020-06-14 19:27:25
53,Ponta Do Sol,PT,32.67,-17.1,71.6,73,20,17.22,few clouds,0.0,0.0,2020-06-14 19:27:25
54,Bethel,US,41.37,-73.41,72.0,46,75,5.82,broken clouds,0.0,0.0,2020-06-14 19:26:44
55,Tasiilaq,GL,65.61,-37.64,37.4,93,100,40.26,moderate rain,0.0,0.0,2020-06-14 19:27:25
56,Khatanga,RU,71.97,102.5,54.46,41,0,14.97,clear sky,0.0,0.0,2020-06-14 19:27:26
57,Alofi,NU,-19.06,-169.92,73.4,78,100,16.11,light rain,0.38,0.0,2020-06-14 19:27:26
58,Barcelos,PT,41.54,-8.62,66.99,77,20,5.82,few clouds,0.0,0.0,2020-06-14 19:26:05
59,Avera,US,33.19,-82.53,86.0,35,1,12.75,clear sky,0.0,0.0,2020-06-14 19:24:22
60,Falmouth,GB,50.15,-5.07,62.01,87,64,10.29,broken clouds,0.0,0.0,2020-06-14 19:27:26
61,Ajdabiya,LY,30.76,20.23,83.07,24,0,7.9,clear sky,0.0,0.0,2020-06-14 19:27:27
62,Storforshei,NO,66.4,14.52,57.2,58,75,6.93,broken clouds,0.0,0.0,2020-06-14 19:27:27
63,Ahipara,NZ,-35.17,173.17,52.16,81,1,7.14,clear sky,0.0,0.0,2020-06-14 19:23:03
64,Neyshabur,IR,36.21,58.8,83.17,15,0,9.71,clear sky,0.0,0.0,2020-06-14 19:27:27
65,Esperance,AU,-33.87,121.9,53.6,87,8,10.29,clear sky,0.0,0.0,2020-06-14 19:27:28
66,Lavrentiya,RU,65.58,-171.0,48.09,68,97,4.92,overcast clouds,0.0,0.0,2020-06-14 19:27:28
67,Puerto Ayora,EC,-0.74,-90.35,75.2,78,75,13.87,broken clouds,0.0,0.0,2020-06-14 19:27:28
68,Faanui,PF,-16.48,-151.75,80.53,74,13,8.46,few clouds,0.0,0.0,2020-06-14 19:27:28
69,Komsomolskiy,UZ,40.43,71.72,77.0,29,99,4.7,overcast clouds,0.0,0.0,2020-06-14 19:27:29
70,Atuona,PF,-9.8,-139.03,80.15,74,88,15.75,overcast clouds,0.0,0.0,2020-06-14 19:27:29
71,Liuhe,CN,42.24,125.72,59.45,62,99,7.52,overcast clouds,0.0,0.0,2020-06-14 19:27:29
72,Kapaa,US,22.08,-159.32,80.6,69,40,13.87,scattered clouds,0.0,0.0,2020-06-14 19:27:29
73,Nkan,GA,0.38,9.78,78.8,83,20,6.93,few clouds,0.0,0.0,2020-06-14 19:27:30
74,Pisco,PE,-13.7,-76.22,66.2,72,90,8.05,overcast clouds,0.0,0.0,2020-06-14 19:27:19
75,Port Alfred,ZA,-33.59,26.89,60.01,85,37,1.99,scattered clouds,0.0,0.0,2020-06-14 19:27:30
76,Calabozo,VE,8.92,-67.43,86.81,69,37,6.89,light rain,0.53,0.0,2020-06-14 19:27:30
77,Hobart,AU,-42.88,147.33,55.0,66,45,8.05,scattered clouds,0.0,0.0,2020-06-14 19:26:54
78,Arraial Do Cabo,BR,-22.97,-42.03,73.4,83,90,10.29,light intensity drizzle,0.0,0.0,2020-06-14 19:27:31
79,Nouadhibou,MR,20.93,-17.03,100.4,22,0,23.04,sand,0.0,0.0,2020-06-14 19:27:31
80,Taitung,TW,22.76,121.14,81.46,75,0,6.44,clear sky,0.0,0.0,2020-06-14 19:27:31
81,Pauini,BR,-7.71,-66.98,81.52,72,100,4.83,overcast clouds,0.0,0.0,2020-06-14 19:23:29
82,Bluff,NZ,-46.6,168.33,39.0,83,98,3.0,overcast clouds,0.0,0.0,2020-06-14 19:26:58
83,Poum,NC,-20.23,164.02,74.08,76,8,19.48,clear sky,0.0,0.0,2020-06-14 19:24:29
84,Bardiyah,LY,31.76,25.09,72.32,68,0,11.95,clear sky,0.0,0.0,2020-06-14 19:27:32
85,Hasaki,JP,35.73,140.83,72.0,94,75,5.82,broken clouds,0.0,0.0,2020-06-14 19:27:32
86,Nome,US,64.5,-165.41,66.99,45,1,5.21,clear sky,0.0,0.0,2020-06-14 19:27:32
87,Whitehills,GB,57.67,-2.58,55.0,96,61,9.55,broken clouds,0.0,0.0,2020-06-14 19:26:11
88,Burnie,AU,-41.07,145.92,54.0,80,100,10.0,overcast clouds,0.0,0.0,2020-06-14 19:27:33
89,Ivanovka,KG,42.89,75.08,75.2,36,50,6.71,scattered clouds,0.0,0.0,2020-06-14 19:27:33
90,Lompoc,US,34.64,-120.46,70.0,56,0,18.34,clear sky,0.0,0.0,2020-06-14 19:26:16
91,Bambous Virieux,MU,-20.34,57.76,71.6,83,20,9.17,few clouds,0.0,0.0,2020-06-14 19:27:33
92,La Ronge,CA,55.1,-105.28,71.6,56,75,14.99,broken clouds,0.0,0.0,2020-06-14 19:27:34
93,Pangnirtung,CA,66.15,-65.71,39.2,69,75,14.99,broken clouds,0.0,0.0,2020-06-14 19:23:13
94,Neosho,US,36.87,-94.37,90.0,44,0,1.01,clear sky,0.0,0.0,2020-06-14 19:27:34
95,Lebedinyy,RU,58.52,125.52,44.37,85,48,4.45,scattered clouds,0.0,0.0,2020-06-14 19:27:34
96,Fort Saint James,CA,54.43,-124.25,63.18,36,99,7.23,overcast clouds,0.0,0.0,2020-06-14 19:27:34
97,Saint George,US,37.1,-113.58,86.0,9,1,6.93,clear sky,0.0,0.0,2020-06-14 19:27:35
98,San Esteban,HN,15.2,-85.75,81.77,72,88,3.02,moderate rain,2.81,0.0,2020-06-14 19:27:35
99,Ust-Nera,RU,64.57,143.2,61.68,53,100,2.53,overcast clouds,0.0,0.0,2020-06-14 19:27:35
100,Tiksi,RU,71.69,128.87,34.75,91,100,3.56,light rain,0.57,0.0,2020-06-14 19:27:35
101,Barrow,US,71.29,-156.79,42.8,75,1,8.05,clear sky,0.0,0.0,2020-06-14 19:27:36
102,Nanortalik,GL,60.14,-45.24,38.55,78,10,24.76,clear sky,0.0,0.0,2020-06-14 19:27:36
103,Victoria,HK,22.29,114.16,82.0,78,62,5.99,light rain,0.29,0.0,2020-06-14 19:27:35
104,Fairbanks,US,64.84,-147.72,60.01,77,90,6.93,overcast clouds,0.0,0.0,2020-06-14 19:25:02
105,Tazovskiy,RU,67.47,78.7,43.72,68,100,27.2,overcast clouds,0.0,0.0,2020-06-14 19:27:37
106,Torbay,CA,47.67,-52.73,46.99,100,90,11.41,mist,1.95,0.0,2020-06-14 19:27:37
107,Bihoro,JP,43.82,144.1,60.01,77,94,1.99,overcast clouds,0.0,0.0,2020-06-14 19:27:37
108,Kango,GA,0.19,10.1,75.06,91,62,2.82,broken clouds,0.0,0.0,2020-06-14 19:27:38
109,Butaritari,KI,3.07,172.79,81.54,76,74,8.14,light rain,0.94,0.0,2020-06-14 19:27:38
110,Vaini,TO,-21.2,-175.2,71.6,73,20,12.75,few clouds,0.0,0.0,2020-06-14 19:27:38
111,Avarua,CK,-21.21,-159.78,69.8,56,75,4.7,broken clouds,0.0,0.0,2020-06-14 19:28:02
112,Bajil,YE,15.06,43.29,93.11,49,88,3.78,overcast clouds,0.0,0.0,2020-06-14 19:28:02
113,Cherskiy,RU,68.75,161.3,63.68,46,1,2.89,clear sky,0.0,0.0,2020-06-14 19:23:03
114,Yamada,JP,39.47,141.95,65.03,93,84,6.71,broken clouds,0.0,0.0,2020-06-14 19:28:03
115,Buchanan,LR,5.88,-10.05,78.8,94,75,4.47,broken clouds,0.0,0.0,2020-06-14 19:28:03
116,Sao Joao Da Barra,BR,-21.64,-41.05,78.8,74,40,11.41,scattered clouds,0.0,0.0,2020-06-14 19:28:03
117,Chumikan,RU,54.72,135.31,37.69,95,95,4.16,overcast clouds,0.0,0.0,2020-06-14 19:28:04
118,Chokurdakh,RU,70.63,147.92,67.15,49,100,9.84,overcast clouds,0.0,0.0,2020-06-14 19:28:04
119,Lumeje,AO,-11.55,20.78,61.09,48,0,4.76,clear sky,0.0,0.0,2020-06-14 19:28:04
120,Bredasdorp,ZA,-34.53,20.04,55.4,93,100,3.47,heavy intensity rain,6.3,0.0,2020-06-14 19:28:04
121,Severnyy-Kospashskiy,RU,59.09,57.8,48.83,91,37,3.33,scattered clouds,0.0,0.0,2020-06-14 19:28:05
122,Oktyabrskoye,RU,43.06,44.74,73.4,49,100,8.95,light rain,0.55,0.0,2020-06-14 19:28:05
123,Saint-Philippe,RE,-21.36,55.77,73.4,56,75,11.41,broken clouds,0.0,0.0,2020-06-14 19:28:05
124,Najran,SA,17.49,44.13,84.2,18,40,4.16,scattered clouds,0.0,0.0,2020-06-14 19:28:06
125,Bilibino,RU,68.05,166.44,58.77,62,100,2.21,overcast clouds,0.0,0.0,2020-06-14 19:28:06
126,Flinders,AU,-34.58,150.86,55.99,60,0,5.01,clear sky,0.0,0.0,2020-06-14 19:28:06
127,Mogocha,RU,53.73,119.77,44.55,89,14,1.63,few clouds,0.0,0.0,2020-06-14 19:28:06
128,Iroquois Falls,CA,48.77,-80.68,69.8,21,40,9.17,scattered clouds,0.0,0.0,2020-06-14 19:23:31
129,Springdale,US,36.19,-94.13,90.0,45,40,5.12,scattered clouds,0.0,0.0,2020-06-14 19:28:07
130,Urgut,UZ,39.4,67.24,77.0,36,0,9.17,clear sky,0.0,0.0,2020-06-14 19:28:07
131,Tucupita,VE,9.06,-62.05,84.81,75,98,5.86,moderate rain,1.66,0.0,2020-06-14 19:28:07
132,Saquarema,BR,-22.92,-42.51,73.4,83,90,10.29,light intensity drizzle,0.0,0.0,2020-06-14 19:28:08
133,Amapa,BR,1.0,-52.0,80.11,94,100,2.64,moderate rain,1.63,0.0,2020-06-14 19:28:08
134,Gannan,CN,47.91,123.5,58.41,75,100,11.83,overcast clouds,0.0,0.0,2020-06-14 19:28:08
135,Port Elizabeth,ZA,-33.92,25.57,60.8,51,0,6.93,clear sky,0.0,0.0,2020-06-14 19:28:08
136,Kargasok,RU,59.06,80.86,44.91,88,100,13.2,overcast clouds,0.0,0.0,2020-06-14 19:28:08
137,Laguna,US,38.42,-121.42,79.0,31,1,6.93,clear sky,0.0,0.0,2020-06-14 19:28:09
138,Pontian Kecil,MY,1.48,103.39,80.01,94,20,4.18,few clouds,0.0,0.0,2020-06-14 19:28:09
139,Jamestown,US,42.1,-79.24,66.99,34,1,9.17,clear sky,0.0,0.0,2020-06-14 19:28:09
140,Mragowo,PL,53.86,21.31,53.15,92,36,7.34,scattered clouds,0.0,0.0,2020-06-14 19:28:09
141,Aksu,CN,41.12,80.26,75.31,20,0,5.68,clear sky,0.0,0.0,2020-06-14 19:24:05
142,Carberry,CA,49.87,-99.36,77.0,44,75,23.04,broken clouds,0.0,0.0,2020-06-14 19:28:10
143,San Luis,AR,-33.3,-66.34,61.47,30,0,16.6,clear sky,0.0,0.0,2020-06-14 19:28:10
144,Kindu,CD,-2.95,25.95,74.34,61,100,1.39,overcast clouds,0.0,0.0,2020-06-14 19:28:10
145,Ribeira Grande,PT,38.52,-28.7,62.6,67,75,6.93,broken clouds,0.0,0.0,2020-06-14 19:28:11
146,Vila,PT,42.03,-8.16,57.99,83,100,5.99,overcast clouds,0.0,0.0,2020-06-14 19:28:11
147,Fare,PF,-16.7,-151.02,80.78,79,23,7.58,few clouds,0.0,0.0,2020-06-14 19:28:11
148,Antsohihy,MG,-14.88,47.99,73.26,53,97,12.19,overcast clouds,0.0,0.0,2020-06-14 19:28:11
149,Hirara,JP,24.8,125.28,83.21,82,0,12.3,clear sky,0.0,0.0,2020-06-14 19:24:45
150,Grindavik,IS,63.84,-22.43,48.2,100,90,24.16,light rain,0.0,0.0,2020-06-14 19:27:59
151,Nyurba,RU,63.28,118.33,45.5,94,2,1.77,clear sky,0.0,0.0,2020-06-14 19:27:45
152,Chizhou,CN,30.66,117.48,77.9,91,99,1.12,overcast clouds,0.0,0.0,2020-06-14 19:28:12
153,Amarante Do Maranhao,BR,-5.57,-46.74,86.07,60,10,4.99,clear sky,0.0,0.0,2020-06-14 19:28:12
154,Ancud,CL,-41.87,-73.82,51.01,100,90,5.82,overcast clouds,0.0,0.0,2020-06-14 19:28:13
155,Kruisfontein,ZA,-34.0,24.73,51.44,45,0,5.1,clear sky,0.0,0.0,2020-06-14 19:28:13
156,Linhai,CN,28.85,121.12,79.0,92,100,4.0,overcast clouds,0.0,0.0,2020-06-14 19:28:13
157,La Rioja,ES,42.25,-2.5,68.0,52,86,4.7,light rain,0.25,0.0,2020-06-14 19:26:02
158,Dikson,RU,73.51,80.55,31.66,95,0,15.75,clear sky,0.0,0.0,2020-06-14 19:28:14
159,Glogow,PL,51.66,16.08,70.0,50,16,1.01,few clouds,0.0,0.0,2020-06-14 19:28:14
160,Mahanoro,MG,-19.9,48.8,65.14,90,41,8.72,light rain,0.12,0.0,2020-06-14 19:28:14
161,Georgetown,MY,5.41,100.34,82.4,78,20,3.36,few clouds,0.0,0.0,2020-06-14 19:28:15
162,Jensen Beach,US,27.25,-80.23,87.01,62,40,8.05,thunderstorm,0.0,0.0,2020-06-14 19:28:15
163,Toamasina,MG,-18.17,49.38,68.0,94,75,6.93,shower rain,0.0,0.0,2020-06-14 19:28:15
164,Longyearbyen,SJ,78.22,15.64,35.6,93,75,6.93,light rain,0.0,0.0,2020-06-14 19:26:56
165,Makokou,GA,0.57,12.86,73.29,90,100,2.53,light rain,0.64,0.0,2020-06-14 19:28:16
166,Provideniya,RU,64.38,-173.3,46.4,75,100,4.47,overcast clouds,0.0,0.0,2020-06-14 19:28:16
167,Tilaran,CR,10.47,-84.97,82.4,83,75,9.17,light rain,0.0,0.0,2020-06-14 19:28:16
168,Padang,ID,-0.95,100.35,79.88,77,65,2.46,broken clouds,0.0,0.0,2020-06-14 19:24:09
169,High Rock,BS,26.62,-78.28,84.2,74,75,11.41,shower rain,0.0,0.0,2020-06-14 19:28:17
170,Vikulovo,RU,56.82,70.61,43.57,73,0,7.9,clear sky,0.0,0.0,2020-06-14 19:28:17
171,Alekseyevsk,RU,57.84,108.35,57.4,91,58,4.65,light rain,0.22,0.0,2020-06-14 19:23:56
172,Vila Franca Do Campo,PT,37.72,-25.43,62.6,72,40,11.41,light intensity shower rain,0.0,0.0,2020-06-14 19:28:17
173,Saskylakh,RU,71.92,114.08,48.33,57,82,8.3,broken clouds,0.0,0.0,2020-06-14 19:28:18
174,Suhbaatar,MN,50.23,106.21,62.73,45,0,3.13,clear sky,0.0,0.0,2020-06-14 19:28:18
175,Winchester,GB,51.07,-1.32,66.2,59,20,6.93,few clouds,0.0,0.0,2020-06-14 19:28:18
176,Kaitangata,NZ,-46.28,169.85,42.01,67,100,3.0,overcast clouds,0.0,0.0,2020-06-14 19:26:54
177,Itarema,BR,-2.92,-39.92,82.18,78,38,11.83,light rain,0.32,0.0,2020-06-14 19:28:19
178,Iracoubo,GF,5.48,-53.2,82.29,80,78,5.46,light rain,0.9,0.0,2020-06-14 19:28:19
179,Tuktoyaktuk,CA,69.45,-133.04,60.8,55,20,11.41,few clouds,0.0,0.0,2020-06-14 19:28:19
180,Nurlat,RU,54.43,50.81,48.87,89,0,3.76,clear sky,0.0,0.0,2020-06-14 19:28:19
181,Bontang,ID,0.13,117.5,77.83,85,39,3.51,scattered clouds,0.0,0.0,2020-06-14 19:28:20
182,Nioro,GM,13.35,-15.75,102.15,23,14,8.88,few clouds,0.0,0.0,2020-06-14 19:28:20
183,Vestmanna,FO,62.16,-7.17,50.0,87,80,14.99,broken clouds,0.0,0.0,2020-06-14 19:28:20
184,Mezen,RU,65.85,44.24,60.94,62,98,7.02,overcast clouds,0.0,0.0,2020-06-14 19:28:20
185,Sitka,US,57.05,-135.33,50.0,87,90,4.7,overcast clouds,0.0,0.0,2020-06-14 19:28:21
186,Mattru,SL,7.62,-11.83,75.47,93,93,3.71,overcast clouds,0.0,0.0,2020-06-14 19:24:25
187,Coahuayana,MX,18.73,-103.68,80.6,65,40,11.41,scattered clouds,0.0,0.0,2020-06-14 19:28:21
188,Camargo,MX,27.67,-105.17,87.64,15,0,7.18,clear sky,0.0,0.0,2020-06-14 19:28:21
189,Codrington,AU,-38.27,141.97,53.38,92,87,13.73,overcast clouds,0.0,0.0,2020-06-14 19:28:22
190,Hervey Bay,AU,-25.3,152.85,66.0,95,100,3.0,light rain,0.93,0.0,2020-06-14 19:27:58
191,Whitehorse,CA,60.72,-135.05,55.4,66,75,2.24,broken clouds,0.0,0.0,2020-06-14 19:24:44
192,Pavlivka,UA,49.44,28.46,63.82,95,100,6.53,overcast clouds,0.0,0.0,2020-06-14 19:28:22
193,Rambha,IN,19.52,85.1,85.46,78,100,10.0,overcast clouds,0.0,0.0,2020-06-14 19:28:23
194,Arcos De La Frontera,ES,36.75,-5.81,71.01,56,0,8.05,clear sky,0.0,0.0,2020-06-14 19:28:23
195,Mar Del Plata,AR,-38.0,-57.56,53.6,45,0,12.75,clear sky,0.0,0.0,2020-06-14 19:26:12
196,Taoudenni,ML,22.68,-3.98,107.37,10,0,11.74,clear sky,0.0,0.0,2020-06-14 19:27:52
197,Nikolskoye,RU,59.7,30.79,68.0,45,6,6.71,clear sky,0.0,0.0,2020-06-14 19:28:24
198,Cidreira,BR,-30.18,-50.21,54.39,64,6,5.19,clear sky,0.0,0.0,2020-06-14 19:28:24
199,Paita,PE,-5.09,-81.11,70.11,68,0,15.59,clear sky,0.0,0.0,2020-06-14 19:28:24
200,Finschhafen,PG,-6.6,147.87,79.9,74,0,8.23,clear sky,0.0,0.0,2020-06-14 19:28:25
201,Cabo San Lucas,MX,22.89,-109.91,91.4,43,5,14.99,clear sky,0.0,0.0,2020-06-14 19:28:25
202,Nishihara,JP,26.18,127.76,82.4,100,20,10.29,few clouds,0.0,0.0,2020-06-14 19:28:25
203,Piacabucu,BR,-10.41,-36.43,78.75,78,0,12.5,clear sky,0.0,0.0,2020-06-14 19:28:25
204,Lianzhou,CN,24.78,112.38,76.8,87,100,3.4,overcast clouds,0.0,0.0,2020-06-14 19:28:02
205,Muros,ES,42.78,-9.06,62.01,81,94,10.0,overcast clouds,0.0,0.0,2020-06-14 19:28:16
206,Kpandu,GH,7.0,0.29,77.97,89,100,10.18,overcast clouds,0.0,0.0,2020-06-14 19:28:26
207,Wahiawa,US,21.5,-158.02,82.4,69,75,11.41,broken clouds,0.0,0.0,2020-06-14 19:28:26
208,Oyama,JP,36.3,139.8,75.0,94,75,1.12,mist,0.0,0.0,2020-06-14 19:28:27
209,Kamenica,DE,50.83,12.92,66.0,88,100,5.44,light rain,0.4,0.0,2020-06-14 19:28:27
210,Coihaique,CL,-45.58,-72.07,48.2,76,20,2.24,few clouds,0.0,0.0,2020-06-14 19:28:27
211,Sinnamary,GF,5.38,-52.95,82.49,79,49,5.23,light rain,0.91,0.0,2020-06-14 19:28:27
212,Saldanha,ZA,-33.01,17.94,59.0,77,0,3.36,clear sky,0.0,0.0,2020-06-14 19:28:28
213,Lata,PT,40.16,-8.33,66.99,68,100,5.01,overcast clouds,0.0,0.0,2020-06-14 19:27:18
214,Kimbe,PG,-5.55,150.14,76.05,87,2,4.29,clear sky,0.0,0.0,2020-06-14 19:28:28
215,Iskateley,RU,67.68,53.15,52.61,58,100,0.58,overcast clouds,0.0,0.0,2020-06-14 19:28:28
216,Atagay,RU,55.1,99.39,60.13,74,1,4.56,clear sky,0.0,0.0,2020-06-14 19:28:29
217,Le Port,RE,-20.94,55.29,73.4,56,75,14.99,broken clouds,0.0,0.0,2020-06-14 19:28:29
218,Geraldton,AU,-28.77,114.6,53.6,93,75,8.05,broken clouds,0.0,0.0,2020-06-14 19:28:29
219,Marco,US,25.97,-81.73,84.2,94,90,12.75,light rain,0.51,0.0,2020-06-14 19:26:53
220,Hinton,CA,53.4,-117.59,46.13,83,100,8.72,light rain,0.21,0.0,2020-06-14 19:28:30
221,Pinawa,CA,50.15,-95.88,73.94,36,98,15.21,overcast clouds,0.0,0.0,2020-06-14 19:28:30
222,Marovoay,MG,-16.1,46.63,75.2,53,6,2.24,clear sky,0.0,0.0,2020-06-14 19:28:30
223,Naze,JP,28.37,129.48,78.8,100,75,8.05,broken clouds,0.0,0.0,2020-06-14 19:28:30
224,Bonavista,CA,48.65,-53.11,45.0,83,100,4.0,overcast clouds,0.0,0.0,2020-06-14 19:28:31
225,Noshiro,JP,40.2,140.02,65.12,92,78,5.73,light rain,0.56,0.0,2020-06-14 19:28:31
226,Kodiak,US,57.79,-152.41,51.8,81,90,5.82,overcast clouds,0.0,0.0,2020-06-14 19:28:31
227,Plettenberg Bay,ZA,-34.05,23.37,57.99,37,6,5.1,clear sky,0.0,0.0,2020-06-14 19:28:31
228,Tabas,IR,33.6,56.92,96.8,9,0,4.7,clear sky,0.0,0.0,2020-06-14 19:28:31
229,Moerai,PF,-22.43,-151.33,71.33,73,91,18.99,overcast clouds,0.0,0.0,2020-06-14 19:28:32
230,Choix,MX,26.71,-108.32,99.61,29,0,8.14,clear sky,0.0,0.0,2020-06-14 19:28:32
231,Constitucion,CL,-35.33,-72.42,58.6,43,0,1.23,clear sky,0.0,0.0,2020-06-14 19:27:01
232,Mao,ES,39.89,4.27,69.8,73,0,9.17,clear sky,0.0,0.0,2020-06-14 19:28:33
233,Bairiki,KI,1.33,172.98,73.4,94,20,2.24,few clouds,0.0,0.0,2020-06-14 19:28:33
234,Faya,SA,18.39,42.45,78.8,50,100,4.7,overcast clouds,0.0,0.0,2020-06-14 19:28:33
235,Neuquen,AR,-38.95,-68.06,53.6,40,0,5.82,clear sky,0.0,0.0,2020-06-14 19:25:35
236,North Battleford,CA,52.78,-108.28,68.0,68,20,9.17,few clouds,0.0,0.0,2020-06-14 19:28:34
237,San Felipe,VE,10.34,-68.74,90.54,51,97,2.95,overcast clouds,0.0,0.0,2020-06-14 19:28:34
238,Hibbing,US,47.43,-92.94,69.8,34,1,23.04,clear sky,0.0,0.0,2020-06-14 19:28:34
239,Suba,PH,10.84,121.01,84.88,68,100,2.98,overcast clouds,0.0,0.0,2020-06-14 19:28:34
240,Tougan,BF,13.07,-3.07,102.42,19,0,6.22,clear sky,0.0,0.0,2020-06-14 19:28:35
241,Umm Kaddadah,SD,13.6,26.69,98.58,14,0,8.14,clear sky,0.0,0.0,2020-06-14 19:28:21
242,Thompson,CA,55.74,-97.86,73.4,46,75,9.17,broken clouds,0.0,0.0,2020-06-14 19:28:35
243,Richards Bay,ZA,-28.78,32.04,57.9,41,0,5.03,clear sky,0.0,0.0,2020-06-14 19:28:36
244,Meadow Lake,US,34.8,-106.54,91.99,24,20,11.41,few clouds,0.0,0.0,2020-06-14 19:28:36
245,Neryungri,RU,56.67,124.65,47.26,85,100,2.39,overcast clouds,0.0,0.0,2020-06-14 19:28:36
246,Zhmerynka,UA,49.04,28.11,64.99,93,21,7.76,few clouds,0.0,0.0,2020-06-14 19:28:36
247,Andenes,NO,69.31,16.12,48.2,87,75,10.29,light intensity drizzle,0.0,0.0,2020-06-14 19:28:37
248,Okhotsk,RU,59.38,143.3,47.93,77,75,2.62,broken clouds,0.0,0.0,2020-06-14 19:24:33
249,Norman Wells,CA,65.28,-126.83,66.2,48,75,16.11,broken clouds,0.0,0.0,2020-06-14 19:27:22
250,Asfi,MA,32.3,-9.24,71.17,67,0,19.37,clear sky,0.0,0.0,2020-06-14 19:28:37
251,Lagoa,PT,39.05,-27.98,62.42,71,99,10.67,overcast clouds,0.0,0.0,2020-06-14 19:28:38
252,Nizhniy Kuranakh,RU,58.84,125.49,48.61,88,94,3.53,overcast clouds,0.0,0.0,2020-06-14 19:28:38
253,Rurrenabaque,BO,-14.44,-67.53,82.26,52,1,3.89,clear sky,0.0,0.0,2020-06-14 19:28:38
254,Upernavik,GL,72.79,-56.15,32.9,94,100,14.61,overcast clouds,0.0,0.0,2020-06-14 19:28:38
255,Langfang,CN,39.51,116.69,82.0,32,64,1.99,broken clouds,0.0,0.0,2020-06-14 19:28:38
256,Santo Amaro Da Imperatriz,BR,-27.69,-48.78,62.01,54,75,12.75,broken clouds,0.0,0.0,2020-06-14 19:28:39
257,Puerto Escondido,MX,15.85,-97.07,86.0,70,40,9.17,scattered clouds,0.0,0.0,2020-06-14 19:28:39
258,Mahon,ES,39.89,4.27,69.8,73,0,9.17,clear sky,0.0,0.0,2020-06-14 19:28:39
259,Salalah,OM,17.02,54.09,86.0,84,90,6.93,overcast clouds,0.0,0.0,2020-06-14 19:27:08
260,Hofn,IS,64.25,-15.21,50.76,78,0,11.61,clear sky,0.0,0.0,2020-06-14 19:28:40
261,Omboue,GA,-1.57,9.26,74.41,88,100,7.85,overcast clouds,0.0,0.0,2020-06-14 19:28:40
262,Clyde River,CA,70.47,-68.59,37.4,86,1,33.33,clear sky,0.0,0.0,2020-06-14 19:28:40
263,Bima,ID,-8.47,118.72,74.32,89,9,4.05,clear sky,0.0,0.0,2020-06-14 19:28:18
264,Saint Anthony,US,45.02,-93.22,75.2,36,20,16.11,few clouds,0.0,0.0,2020-06-14 19:28:40
265,Iqaluit,CA,63.75,-68.51,39.2,83,90,5.06,overcast clouds,0.0,0.0,2020-06-14 19:27:17
266,Qaqortoq,GL,60.72,-46.03,46.4,52,96,21.92,overcast clouds,0.0,0.0,2020-06-14 19:27:10
267,Kupino,RU,54.37,77.3,49.15,81,3,7.56,clear sky,0.0,0.0,2020-06-14 19:28:41
268,Zuenoula,CI,7.43,-6.04,78.53,78,1,3.38,light rain,0.3,0.0,2020-06-14 19:28:42
269,Ilulissat,GL,69.22,-51.1,35.6,80,99,10.29,light intensity shower rain,0.0,0.0,2020-06-14 19:28:42
270,San Patricio,MX,19.22,-104.7,87.8,74,20,11.41,few clouds,0.0,0.0,2020-06-14 19:28:42
271,Noumea,NC,-22.28,166.46,68.0,77,90,5.82,overcast clouds,0.0,0.0,2020-06-14 19:28:42
272,Comodoro Rivadavia,AR,-45.87,-67.5,55.4,50,80,14.99,broken clouds,0.0,0.0,2020-06-14 19:25:57
273,Champerico,GT,14.3,-91.92,91.4,55,40,11.41,scattered clouds,0.0,0.0,2020-06-14 19:28:43
274,Coari,BR,-4.08,-63.14,83.34,85,97,4.18,light rain,1.0,0.0,2020-06-14 19:28:43
275,Oksovskiy,RU,62.61,39.9,58.55,71,0,6.17,clear sky,0.0,0.0,2020-06-14 19:28:43
276,Cajuru,BR,-21.28,-47.3,86.0,35,0,8.05,clear sky,0.0,0.0,2020-06-14 19:28:43
277,Cururupu,BR,-1.83,-44.87,87.4,57,9,5.28,clear sky,0.0,0.0,2020-06-14 19:27:11
278,Port Blair,IN,11.67,92.75,83.28,82,100,12.77,light rain,0.14,0.0,2020-06-14 19:28:44
279,Shaowu,CN,27.34,117.48,76.53,87,83,1.83,broken clouds,0.0,0.0,2020-06-14 19:28:44
280,Matamoros,MX,25.53,-103.25,84.2,21,5,9.19,clear sky,0.0,0.0,2020-06-14 19:25:09
281,Tura,IN,25.52,90.22,76.21,94,100,5.37,overcast clouds,0.0,0.0,2020-06-14 19:27:03
282,Khelyulya,RU,61.73,30.68,54.37,63,0,1.88,clear sky,0.0,0.0,2020-06-14 19:28:45
283,Petropavlovsk-Kamchatskiy,RU,53.05,158.65,37.4,100,90,2.24,overcast clouds,0.0,0.0,2020-06-14 19:24:38
284,Viedma,AR,-40.81,-63.0,56.59,36,3,19.95,clear sky,0.0,0.0,2020-06-14 19:28:45
285,Portland,US,45.52,-122.68,63.0,55,75,3.36,broken clouds,0.0,0.0,2020-06-14 19:25:17
286,Tadine,NC,-21.55,167.88,71.01,79,37,15.14,scattered clouds,0.0,0.0,2020-06-14 19:28:46
287,Mount Vernon,US,40.91,-73.84,75.99,28,40,5.82,scattered clouds,0.0,0.0,2020-06-14 19:28:46
288,Limbang,MY,4.75,115.0,78.8,88,75,2.24,broken clouds,0.0,0.0,2020-06-14 19:28:46
289,Chuy,UY,-33.7,-53.46,52.56,49,0,3.22,clear sky,0.0,0.0,2020-06-14 19:28:46
290,Miri,MY,4.41,114.01,77.0,94,75,5.82,broken clouds,0.0,0.0,2020-06-14 19:28:46
291,Fortuna,US,40.6,-124.16,69.01,68,20,11.41,few clouds,0.0,0.0,2020-06-14 19:28:47
292,Pevek,RU,69.7,170.31,37.89,87,7,5.48,clear sky,0.0,0.0,2020-06-14 19:24:45
293,Pemberton,CA,50.32,-122.8,50.0,87,90,4.7,overcast clouds,0.0,0.0,2020-06-14 19:28:47
294,Marsa Matruh,EG,31.35,27.25,71.6,78,40,9.17,scattered clouds,0.0,0.0,2020-06-14 19:28:47
295,Souillac,MU,-20.52,57.52,71.6,83,20,9.17,few clouds,0.0,0.0,2020-06-14 19:28:48
296,Khuzhir,RU,53.19,107.34,50.45,71,0,5.19,clear sky,0.0,0.0,2020-06-14 19:28:48
297,Mansa,IN,29.98,75.38,99.54,12,0,4.07,clear sky,0.0,0.0,2020-06-14 19:28:48
298,Broken Hill,AU,-31.95,141.43,50.0,71,0,12.75,clear sky,0.0,0.0,2020-06-14 19:28:48
299,Walvis Bay,NA,-22.96,14.51,68.0,20,0,9.17,clear sky,0.0,0.0,2020-06-14 19:28:48
300,Dayong,CN,25.02,118.29,80.6,83,94,6.71,overcast clouds,0.0,0.0,2020-06-14 19:28:49
301,Ahuimanu,US,21.44,-157.84,84.2,62,90,12.75,overcast clouds,0.0,0.0,2020-06-14 19:28:49
302,Surt,LY,31.21,16.59,85.73,31,0,23.42,clear sky,0.0,0.0,2020-06-14 19:26:59
303,Lakes Entrance,AU,-37.88,147.98,57.0,66,69,1.99,broken clouds,0.0,0.0,2020-06-14 19:28:49
304,Nikolayevskaya,RU,47.61,41.5,73.94,57,100,11.54,overcast clouds,0.0,0.0,2020-06-14 19:28:50
305,Esil,KZ,51.96,66.4,53.6,52,100,11.36,overcast clouds,0.0,0.0,2020-06-14 19:28:50
306,Mildura,AU,-34.2,142.15,50.0,81,0,6.93,clear sky,0.0,0.0,2020-06-14 19:28:50
307,Kedrovyy,RU,56.17,91.82,55.4,87,40,4.47,scattered clouds,0.0,0.0,2020-06-14 19:28:51
308,Burgos,ES,42.34,-3.71,61.0,55,90,3.36,overcast clouds,0.0,0.0,2020-06-14 19:28:51
309,San Rafael,AR,-34.62,-68.33,58.71,33,0,17.92,clear sky,0.0,0.0,2020-06-14 19:28:51
310,Bauchi,NG,10.5,10.0,87.08,41,0,5.17,clear sky,0.0,0.0,2020-06-14 19:28:51
311,Ostrovnoy,RU,68.05,39.51,56.95,62,100,16.42,overcast clouds,0.0,0.0,2020-06-14 19:28:51
312,Borogontsy,RU,62.67,131.17,52.38,96,60,3.62,broken clouds,0.0,0.0,2020-06-14 19:28:52
313,Dhidhdhoo,MV,6.88,73.1,84.9,78,58,18.19,broken clouds,0.0,0.0,2020-06-14 19:28:52
314,Maraa,BR,-1.83,-65.37,84.06,79,80,3.76,light rain,0.57,0.0,2020-06-14 19:28:52
315,Griffith,US,41.53,-87.42,69.01,40,1,9.8,clear sky,0.0,0.0,2020-06-14 19:28:53
316,Korla,CN,41.76,86.15,72.0,39,0,5.99,clear sky,0.0,0.0,2020-06-14 19:28:53
317,Wasilla,US,61.58,-149.44,62.6,42,1,5.41,clear sky,0.0,0.0,2020-06-14 19:28:53
318,East London,ZA,-33.02,27.91,61.07,30,100,5.64,overcast clouds,0.0,0.0,2020-06-14 19:28:53
319,Labytnangi,RU,66.66,66.42,43.59,68,90,11.12,overcast clouds,0.0,0.0,2020-06-14 19:28:53
320,Hilton Head Island,US,32.22,-80.75,82.0,65,40,11.41,scattered clouds,0.0,0.0,2020-06-14 19:28:54
321,Leningradskiy,RU,69.38,178.42,46.49,83,57,6.26,broken clouds,0.0,0.0,2020-06-14 19:27:08
322,Mandalgovi,MN,45.76,106.27,64.47,27,1,8.19,clear sky,0.0,0.0,2020-06-14 19:28:54
323,Katsuura,JP,35.13,140.3,75.99,82,100,4.0,overcast clouds,0.0,0.0,2020-06-14 19:28:54
324,Brae,GB,60.4,-1.35,59.0,93,1,5.82,clear sky,0.0,0.0,2020-06-14 19:28:55
325,Rocha,UY,-34.48,-54.33,52.68,52,0,4.41,clear sky,0.0,0.0,2020-06-14 19:28:55
326,Vao,NC,-22.67,167.48,71.69,75,13,19.19,few clouds,0.0,0.0,2020-06-14 19:28:55
327,Hambantota,LK,6.12,81.12,82.4,78,98,5.82,overcast clouds,0.0,0.0,2020-06-14 19:28:56
328,Russell,US,32.35,-85.2,87.8,45,75,5.82,broken clouds,0.0,0.0,2020-06-14 19:24:12
329,Arica,CL,-18.48,-70.3,68.0,68,19,11.41,few clouds,0.0,0.0,2020-06-14 19:26:11
330,Bartica,GY,6.4,-58.62,87.8,70,40,4.7,scattered clouds,0.0,0.0,2020-06-14 19:28:56
331,Takoradi,GH,4.88,-1.76,78.37,87,100,8.88,overcast clouds,0.0,0.0,2020-06-14 19:28:57
332,Youghal,IE,51.95,-7.85,61.0,76,20,8.05,few clouds,0.0,0.0,2020-06-14 19:28:57
333,Yar-Sale,RU,66.83,70.83,38.64,73,0,20.09,clear sky,0.0,0.0,2020-06-14 19:28:57
334,Chiredzi,ZW,-21.05,31.67,56.77,60,0,4.18,clear sky,0.0,0.0,2020-06-14 19:28:57
335,Severo-Kurilsk,RU,50.68,156.12,40.51,93,100,14.65,overcast clouds,0.0,0.0,2020-06-14 19:28:58
336,Gemena,CD,3.25,19.77,73.67,93,99,2.24,overcast clouds,0.0,0.0,2020-06-14 19:28:58
337,Fort Nelson,CA,58.81,-122.7,53.6,93,90,16.11,moderate rain,0.0,0.0,2020-06-14 19:28:58
338,Petropavlovka,RU,50.61,105.32,61.34,52,0,2.3,clear sky,0.0,0.0,2020-06-14 19:28:59
339,Zhanaozen,KZ,43.3,52.8,90.41,11,0,8.9,clear sky,0.0,0.0,2020-06-14 19:28:59
340,Kadoma,JP,34.73,135.58,73.99,98,37,3.0,moderate rain,1.19,0.0,2020-06-14 19:28:59
341,Caravelas,BR,-17.71,-39.25,78.04,66,0,4.9,clear sky,0.0,0.0,2020-06-14 19:28:59
342,Harper,LR,4.38,-7.72,79.0,84,97,7.54,overcast clouds,0.0,0.0,2020-06-14 19:29:00
343,Itupiranga,BR,-5.13,-49.33,89.6,49,20,3.36,few clouds,0.0,0.0,2020-06-14 19:27:48
344,Fuxin,CN,42.02,121.66,71.64,38,0,6.38,clear sky,0.0,0.0,2020-06-14 19:29:00
345,Pushkino,RU,56.02,37.87,66.99,48,71,8.95,broken clouds,0.0,0.0,2020-06-14 19:29:00
346,Naron,ES,43.52,-8.15,64.99,77,75,4.7,light rain,0.0,0.0,2020-06-14 19:29:01
347,Pithoro,PK,25.52,69.38,93.65,38,0,20.22,clear sky,0.0,0.0,2020-06-14 19:29:01
348,Paamiut,GL,61.99,-49.67,35.4,92,100,3.58,overcast clouds,0.0,0.0,2020-06-14 19:29:01
349,Kidal,ML,18.44,1.41,103.75,8,24,9.46,few clouds,0.0,0.0,2020-06-14 19:29:02
350,Vila Do Maio,CV,15.13,-23.22,86.0,48,0,16.11,clear sky,0.0,0.0,2020-06-14 19:29:02
351,Minab,IR,27.15,57.08,89.6,70,38,4.7,haze,0.0,0.0,2020-06-14 19:29:02
352,Ukiah,US,39.15,-123.21,77.0,41,1,4.7,clear sky,0.0,0.0,2020-06-14 19:24:36
353,Soyo,AO,-6.13,12.37,72.32,87,62,5.7,broken clouds,0.0,0.0,2020-06-14 19:29:03
354,Pyatnitskoye,RU,50.42,37.83,66.6,89,17,16.73,light rain,0.64,0.0,2020-06-14 19:29:03
355,Brooks,CA,50.58,-111.89,68.0,44,100,1.99,overcast clouds,0.0,0.0,2020-06-14 19:26:00
356,Teya,RU,60.38,92.63,43.77,70,0,7.56,clear sky,0.0,0.0,2020-06-14 19:29:04
357,Samarai,PG,-10.62,150.67,79.7,86,1,15.86,light rain,0.65,0.0,2020-06-14 19:29:04
358,Labuan,MY,5.28,115.24,80.01,94,75,5.26,broken clouds,0.0,0.0,2020-06-14 19:29:04
359,Sierra Vista,US,31.55,-110.3,91.4,18,20,11.41,few clouds,0.0,0.0,2020-06-14 19:29:04
360,El Jicaro,GT,14.92,-89.9,88.21,55,74,3.18,light rain,0.34,0.0,2020-06-14 19:29:05
361,Hope,US,33.67,-93.59,91.99,29,0,3.0,clear sky,0.0,0.0,2020-06-14 19:29:05
362,Amuntai,ID,-2.42,115.25,74.14,97,5,1.43,clear sky,0.0,0.0,2020-06-14 19:29:05
363,Pailon,BO,-17.65,-62.75,73.4,43,40,12.75,scattered clouds,0.0,0.0,2020-06-14 19:29:05
364,Cairns,AU,-16.92,145.77,75.2,88,75,5.82,broken clouds,0.0,0.0,2020-06-14 19:26:28
365,Slubice,PL,52.35,14.56,71.01,42,26,7.43,scattered clouds,0.0,0.0,2020-06-14 19:29:06
366,Mahina,PF,-17.51,-149.49,82.4,69,20,5.82,few clouds,0.0,0.0,2020-06-14 19:29:06
367,Lazaro Cardenas,MX,17.96,-102.2,87.53,63,22,7.92,few clouds,0.0,0.0,2020-06-14 19:24:41
368,Yakovlevskoye,RU,55.44,37.95,61.0,59,23,6.71,few clouds,0.0,0.0,2020-06-14 19:29:07
369,Craig,US,40.52,-107.55,78.8,9,1,23.04,clear sky,0.0,0.0,2020-06-14 19:29:07
370,Thinadhoo,MV,0.53,72.93,84.61,76,24,11.43,few clouds,0.0,0.0,2020-06-14 19:26:53
371,Ruwi,OM,23.6,58.55,96.8,47,0,3.36,clear sky,0.0,0.0,2020-06-14 19:29:08
372,Kurtamysh,RU,54.91,64.43,47.07,75,0,4.32,clear sky,0.0,0.0,2020-06-14 19:29:08
373,Carnarvon,AU,-24.87,113.63,64.74,34,31,19.95,scattered clouds,0.0,0.0,2020-06-14 19:29:08
374,Canutama,BR,-6.53,-64.38,82.89,89,100,3.0,moderate rain,1.67,0.0,2020-06-14 19:29:08
375,Whitianga,NZ,-36.83,175.7,51.01,95,1,1.01,clear sky,0.0,0.0,2020-06-14 19:29:09
376,Porto Santo,PT,33.07,-16.34,71.6,78,20,9.17,few clouds,0.0,0.0,2020-06-14 19:29:09
377,Yeppoon,AU,-23.13,150.73,66.2,93,90,4.14,overcast clouds,0.0,0.0,2020-06-14 19:29:09
378,Nanakuli,US,21.39,-158.15,82.4,58,40,8.05,scattered clouds,0.0,0.0,2020-06-14 19:29:10
379,Port Hardy,CA,50.7,-127.42,55.4,71,75,8.05,broken clouds,0.0,0.0,2020-06-14 19:27:57
380,Nhulunbuy,AU,-12.23,136.77,78.8,83,90,10.29,overcast clouds,0.0,0.0,2020-06-14 19:25:16
381,Batetskiy,RU,58.65,30.3,59.74,65,100,6.76,overcast clouds,0.0,0.0,2020-06-14 19:29:10
382,Kyzyl-Suu,KG,42.34,78.0,54.48,39,56,3.51,broken clouds,0.0,0.0,2020-06-14 19:29:10
383,Aswan,EG,24.09,32.91,92.64,14,0,18.01,clear sky,0.0,0.0,2020-06-14 19:29:11
384,Chapais,CA,49.78,-74.85,62.6,29,1,4.7,clear sky,0.0,0.0,2020-06-14 19:29:11
385,Airai,TL,-8.93,125.41,57.38,99,1,4.32,clear sky,0.0,0.0,2020-06-14 19:29:11
386,Mocuba,MZ,-16.84,36.99,60.17,94,1,3.6,clear sky,0.0,0.0,2020-06-14 19:29:11
387,Lensk,RU,60.73,114.93,49.26,90,0,2.86,clear sky,0.0,0.0,2020-06-14 19:29:12
388,Kamenka,RU,51.32,42.77,66.0,56,15,11.99,few clouds,0.0,0.0,2020-06-14 19:29:12
389,Koslan,RU,63.46,48.9,57.27,71,97,5.73,overcast clouds,0.0,0.0,2020-06-14 19:29:12
390,Iberia,US,29.95,-91.75,91.4,49,20,9.17,few clouds,0.0,0.0,2020-06-14 19:29:12
391,Praia Da Vitoria,PT,38.73,-27.07,64.4,63,20,11.81,few clouds,0.0,0.0,2020-06-14 19:29:13
392,Tezu,IN,27.92,96.17,77.23,81,91,3.42,light rain,0.18,0.0,2020-06-14 19:29:13
393,Jarvakandi,EE,58.78,24.83,63.0,63,42,5.64,scattered clouds,0.0,0.0,2020-06-14 19:29:13
394,Yunyang,CN,33.45,112.71,76.91,58,95,3.2,overcast clouds,0.0,0.0,2020-06-14 19:29:14
395,Rey Bouba,CM,8.67,14.18,84.07,55,44,4.68,scattered clouds,0.0,0.0,2020-06-14 19:29:14
396,Puri,IN,19.8,85.85,82.4,100,75,4.7,mist,0.0,0.0,2020-06-14 19:28:05
397,Znamenskoye,RU,57.13,73.83,43.16,82,0,6.42,clear sky,0.0,0.0,2020-06-14 19:29:14
398,Bra,IT,44.7,7.86,73.0,56,0,3.36,clear sky,0.0,0.0,2020-06-14 19:29:15
399,Altay,CN,47.87,88.12,58.03,51,46,2.13,scattered clouds,0.0,0.0,2020-06-14 19:29:15
400,Atar,MR,20.52,-13.05,106.77,12,2,14.23,clear sky,0.0,0.0,2020-06-14 19:29:15
401,Mehamn,NO,71.04,27.85,50.0,66,96,17.22,overcast clouds,0.0,0.0,2020-06-14 19:29:16
402,Maragogi,BR,-9.01,-35.22,79.14,80,0,13.06,clear sky,0.0,0.0,2020-06-14 19:29:16
403,Dwarka,IN,22.24,68.97,86.54,81,15,15.01,few clouds,0.0,0.0,2020-06-14 19:29:16
404,Alamogordo,US,32.9,-105.96,89.6,14,1,19.46,clear sky,0.0,0.0,2020-06-14 19:29:16
405,Deputatskiy,RU,69.3,139.9,60.58,53,12,2.53,few clouds,0.0,0.0,2020-06-14 19:24:37
406,Xacmaz,AZ,41.46,48.81,73.38,38,0,4.54,clear sky,0.0,0.0,2020-06-14 19:29:17
407,Lambarene,GA,-0.7,10.24,76.77,82,100,3.78,overcast clouds,0.0,0.0,2020-06-14 19:29:17
408,Sarahan,IN,31.52,77.8,60.21,39,0,4.83,clear sky,0.0,0.0,2020-06-14 19:29:17
409,Panaba,MX,21.28,-88.27,88.56,60,35,1.23,light rain,0.35,0.0,2020-06-14 19:27:45
410,Valdez,EC,1.25,-78.98,78.6,84,94,12.57,light rain,0.25,0.0,2020-06-14 19:29:18
411,Murray Bridge,AU,-35.12,139.27,55.99,93,97,9.22,overcast clouds,0.0,0.0,2020-06-14 19:29:18
412,Mount Isa,AU,-20.73,139.5,62.6,39,0,11.41,clear sky,0.0,0.0,2020-06-14 19:29:18
413,Honningsvag,NO,70.98,25.97,48.2,81,75,24.16,broken clouds,0.0,0.0,2020-06-14 19:29:18
414,Palmer,US,42.16,-72.33,72.0,37,75,5.82,broken clouds,0.0,0.0,2020-06-14 19:29:19
415,Yumen,CN,40.28,97.2,72.64,23,98,6.98,overcast clouds,0.0,0.0,2020-06-14 19:29:19
416,Tyup,KG,42.73,78.36,53.8,42,11,3.96,few clouds,0.0,0.0,2020-06-14 19:29:19
417,Krasnyy Chikoy,RU,50.36,108.75,53.11,70,0,3.15,clear sky,0.0,0.0,2020-06-14 19:29:20
418,Aden,YE,12.78,45.04,89.1,64,100,2.1,overcast clouds,0.0,0.0,2020-06-14 19:25:15
419,Charagua,BO,-19.8,-63.22,72.05,38,0,5.53,clear sky,0.0,0.0,2020-06-14 19:29:20
420,Aleksandrov Gay,RU,50.15,48.57,63.99,67,68,11.92,broken clouds,0.0,0.0,2020-06-14 19:29:20
421,Bereda,ES,43.27,-7.54,61.0,83,4,7.0,clear sky,0.0,0.0,2020-06-14 19:24:42
422,Hovd,MN,48.01,91.64,63.09,39,98,5.12,overcast clouds,0.0,0.0,2020-06-14 19:29:21
423,San Jeronimo,PE,-11.95,-75.28,56.86,50,80,2.82,broken clouds,0.0,0.0,2020-06-14 19:29:21
424,Kiama,AU,-34.68,150.87,55.99,61,0,21.99,clear sky,0.0,0.0,2020-06-14 19:29:21
425,Chekhov,RU,55.14,37.47,62.6,59,76,6.71,broken clouds,0.0,0.0,2020-06-14 19:29:21
426,Dondo,MZ,-19.61,34.74,68.0,88,20,1.12,few clouds,0.0,0.0,2020-06-14 19:29:22
427,Baykit,RU,61.67,96.37,44.85,80,0,5.23,clear sky,0.0,0.0,2020-06-14 19:29:22
428,Bin Qirdan,TN,33.14,11.22,72.88,69,0,16.26,clear sky,0.0,0.0,2020-06-14 19:26:06
429,Sosnovo-Ozerskoye,RU,52.52,111.54,49.48,79,0,3.0,clear sky,0.0,0.0,2020-06-14 19:29:22
430,Nabire,ID,-3.37,135.48,75.97,87,74,3.4,broken clouds,0.0,0.0,2020-06-14 19:27:27
431,Dongying,CN,37.46,118.49,75.76,27,100,7.38,overcast clouds,0.0,0.0,2020-06-14 19:29:23
432,Manzanillo,CU,20.34,-77.12,86.25,65,100,8.48,light rain,0.17,0.0,2020-06-14 19:27:22
433,Auki,SB,-8.77,160.7,78.71,82,19,5.5,few clouds,0.0,0.0,2020-06-14 19:29:23
434,Angoram,PG,-4.06,144.07,73.76,98,29,1.23,scattered clouds,0.0,0.0,2020-06-14 19:29:23
435,Hearst,CA,49.68,-83.67,74.43,20,0,6.64,clear sky,0.0,0.0,2020-06-14 19:29:24
436,Ucluelet,CA,48.93,-125.55,59.0,67,20,9.17,few clouds,0.0,0.0,2020-06-14 19:28:30
437,Muleba,TZ,-1.84,31.65,73.4,78,20,1.28,few clouds,0.0,0.0,2020-06-14 19:29:24
438,Kungurtug,RU,50.6,97.52,51.91,55,0,1.61,clear sky,0.0,0.0,2020-06-14 19:29:24
439,Arlit,NE,18.74,7.39,108.27,7,90,8.99,overcast clouds,0.0,0.0,2020-06-14 19:29:25
440,Sorong,ID,-0.88,131.25,78.94,84,76,4.34,broken clouds,0.0,0.0,2020-06-14 19:29:25
441,Itabirito,BR,-20.25,-43.8,73.26,56,0,8.48,clear sky,0.0,0.0,2020-06-14 19:29:25
442,Tomatlan,MX,19.93,-105.25,91.15,46,0,11.34,clear sky,0.0,0.0,2020-06-14 19:29:25
443,General Pico,AR,-35.66,-63.76,60.66,29,0,18.75,clear sky,0.0,0.0,2020-06-14 19:29:26
444,Jumla,NP,29.27,82.18,59.63,67,97,3.89,overcast clouds,0.0,0.0,2020-06-14 19:29:26
445,Bovolone,IT,45.25,11.13,73.0,68,20,4.7,few clouds,0.0,0.0,2020-06-14 19:29:26
446,Walla Walla,US,46.06,-118.34,64.0,44,20,17.22,few clouds,0.0,0.0,2020-06-14 19:29:26
447,Aykhal,RU,66.0,111.5,44.6,81,100,6.71,overcast clouds,0.0,0.0,2020-06-14 19:29:27
448,Brainerd,US,46.36,-94.2,75.2,33,1,17.22,clear sky,0.0,0.0,2020-06-14 19:29:27
449,Bulakamba,ID,-6.87,108.96,79.02,86,6,6.17,clear sky,0.0,0.0,2020-06-14 19:29:27
450,Grand Forks,US,47.93,-97.03,80.6,36,75,32.21,broken clouds,0.0,0.0,2020-06-14 19:29:27
451,Aklavik,CA,68.22,-135.01,73.4,46,20,6.93,few clouds,0.0,0.0,2020-06-14 19:26:51
452,Ilmenau,DE,50.68,10.9,66.2,93,40,3.36,light intensity shower rain,0.0,0.0,2020-06-14 19:29:28
453,Raudeberg,NO,61.99,5.14,64.4,87,75,1.97,broken clouds,0.0,0.0,2020-06-14 19:29:28
454,Narsaq,GL,60.92,-46.05,46.4,52,76,21.92,broken clouds,0.0,0.0,2020-06-14 19:29:28
455,Gilgit,PK,35.92,74.31,72.66,29,89,4.81,overcast clouds,0.0,0.0,2020-06-14 19:29:28
456,Obihiro,JP,42.92,143.2,57.94,91,96,1.25,overcast clouds,0.0,0.0,2020-06-14 19:29:29
457,Garissa,KE,-0.45,39.64,78.42,58,0,21.88,clear sky,0.0,0.0,2020-06-14 19:29:30
458,Gasa,PS,31.5,34.47,75.99,75,0,1.99,clear sky,0.0,0.0,2020-06-14 19:29:30
459,Meulaboh,ID,4.14,96.13,77.65,89,96,4.03,overcast clouds,0.0,0.0,2020-06-14 19:29:31
460,Vikhorevka,RU,56.12,101.16,59.0,82,12,4.47,light rain,0.12,0.0,2020-06-14 19:29:31
461,Oudtshoorn,ZA,-33.59,22.2,55.4,93,0,8.05,light rain,0.0,0.0,2020-06-14 19:29:31
462,Camacupa,AO,-12.02,17.48,58.14,41,0,2.62,clear sky,0.0,0.0,2020-06-14 19:29:32
463,Cuamba,MZ,-14.8,36.54,61.84,81,42,6.51,scattered clouds,0.0,0.0,2020-06-14 19:29:32
464,Neiafu,TO,-18.65,-173.98,73.4,88,75,6.93,broken clouds,0.0,0.0,2020-06-14 19:26:57
465,Mezhdurechensk,RU,53.69,88.06,55.56,94,100,3.44,overcast clouds,0.0,0.0,2020-06-14 19:29:33
466,Vetluga,RU,57.86,45.78,51.06,84,0,2.01,clear sky,0.0,0.0,2020-06-14 19:29:33
467,Vanavara,RU,60.34,102.28,58.12,93,100,8.19,overcast clouds,0.0,0.0,2020-06-14 19:29:33
468,Isla Vista,US,34.41,-119.86,75.0,60,1,12.75,clear sky,0.0,0.0,2020-06-14 19:29:33
469,Miedzyrzec Podlaski,PL,51.99,22.78,56.57,93,0,6.22,clear sky,0.0,0.0,2020-06-14 19:29:34
470,Tipuani,BO,-15.56,-68.02,73.06,77,99,1.01,light rain,0.13,0.0,2020-06-14 19:29:34
471,Charters Towers,AU,-20.1,146.27,66.9,92,0,4.76,clear sky,0.0,0.0,2020-06-14 19:29:34
472,Puro,PH,12.48,123.38,81.09,80,66,8.03,broken clouds,0.0,0.0,2020-06-14 19:29:34
473,Amlagora,IN,22.83,87.33,85.3,75,100,6.26,overcast clouds,0.0,0.0,2020-06-14 19:29:35
474,Port-Gentil,GA,-0.72,8.78,75.2,94,75,10.29,broken clouds,0.0,0.0,2020-06-14 19:29:35
475,Las Tunas,CU,20.96,-76.95,80.6,88,75,12.75,heavy intensity rain,0.0,0.0,2020-06-14 19:29:35
476,Talnakh,RU,69.49,88.4,50.0,71,70,6.71,broken clouds,0.0,0.0,2020-06-14 19:27:45
477,Taltal,CL,-25.4,-70.48,63.48,65,38,4.23,scattered clouds,0.0,0.0,2020-06-14 19:29:36
478,North Bend,US,43.41,-124.22,70.0,67,1,8.05,clear sky,0.0,0.0,2020-06-14 19:29:36
479,Salina Cruz,MX,16.17,-95.2,91.89,43,6,20.07,clear sky,0.0,0.0,2020-06-14 19:29:36
480,Ust-Kan,RU,50.93,84.76,55.78,71,100,1.97,overcast clouds,0.0,0.0,2020-06-14 19:29:37
481,Guabito,PA,9.5,-82.62,86.0,70,75,8.05,broken clouds,0.0,0.0,2020-06-14 19:29:37
482,San Vicente,AR,-26.62,-54.13,61.7,56,0,5.59,clear sky,0.0,0.0,2020-06-14 19:29:38
483,Diffa,NE,13.32,12.61,93.7,29,100,10.69,overcast clouds,0.0,0.0,2020-06-14 19:29:38
484,Inuvik,CA,68.35,-133.72,73.4,46,20,6.93,few clouds,0.0,0.0,2020-06-14 19:25:15
485,Chancay,PE,-11.57,-77.27,69.8,64,90,6.93,overcast clouds,0.0,0.0,2020-06-14 19:26:46
486,Devonport,AU,-41.17,146.35,54.0,83,98,3.0,overcast clouds,0.0,0.0,2020-06-14 19:29:39
487,Salacgriva,LV,57.75,24.36,57.99,76,100,5.01,light rain,0.19,0.0,2020-06-14 19:29:39
488,North Platte,US,41.12,-100.77,90.0,25,1,18.34,clear sky,0.0,0.0,2020-06-14 19:26:34
489,Rosetta,EG,31.4,30.42,73.4,69,0,6.93,clear sky,0.0,0.0,2020-06-14 19:29:39
490,Grand Gaube,MU,-20.01,57.66,71.01,83,0,5.99,clear sky,0.0,0.0,2020-06-14 19:29:40
491,Texarkana,US,33.43,-94.05,89.6,35,1,4.7,clear sky,0.0,0.0,2020-06-14 19:29:40
492,Kikwit,CD,-5.04,18.82,77.85,56,65,1.07,broken clouds,0.0,0.0,2020-06-14 19:29:40
493,Lasa,IT,46.62,10.7,61.0,81,75,4.7,broken clouds,0.0,0.0,2020-06-14 19:29:40
494,Cayenne,GF,4.93,-52.33,86.0,66,45,9.17,light rain,0.53,0.0,2020-06-14 19:29:41
495,Henties Bay,NA,-22.12,14.28,62.01,62,0,1.01,clear sky,0.0,0.0,2020-06-14 19:27:57
496,Kavaratti,IN,10.57,72.64,86.16,75,100,21.56,overcast clouds,0.0,0.0,2020-06-14 19:29:41
497,Bayan,CN,46.08,127.4,55.22,93,100,6.53,overcast clouds,0.0,0.0,2020-06-14 19:29:41
498,Vostok,RU,46.49,135.88,47.16,100,19,3.87,few clouds,0.0,0.0,2020-06-14 19:29:41
499,Ilhabela,BR,-23.78,-45.36,67.62,87,100,8.03,light rain,0.62,0.0,2020-06-14 19:29:42
500,Ikongo,MG,-21.88,47.43,58.73,86,93,2.55,overcast clouds,0.0,0.0,2020-06-14 19:29:42
501,Havelock,US,34.88,-76.9,72.0,64,90,16.11,overcast clouds,0.0,0.0,2020-06-14 19:29:42
502,Cervo,ES,43.67,-7.41,62.01,80,70,5.99,broken clouds,0.0,0.0,2020-06-14 19:29:43
503,Martinsville,US,36.69,-79.87,79.0,44,40,5.82,scattered clouds,0.0,0.0,2020-06-14 19:27:43
504,Kati,ML,12.74,-8.07,75.2,78,20,6.93,thunderstorm with light rain,0.0,0.0,2020-06-14 19:29:43
505,Tignere,CM,7.37,12.65,68.63,87,78,1.23,broken clouds,0.0,0.0,2020-06-14 19:29:43
506,Olafsvik,IS,64.89,-23.71,48.27,94,100,23.35,light rain,0.48,0.0,2020-06-14 19:29:44
507,Ternate,ID,0.8,127.4,80.58,75,78,2.84,light rain,0.14,0.0,2020-06-14 19:29:44
508,Bengkulu,ID,-3.8,102.27,76.12,75,22,4.41,few clouds,0.0,0.0,2020-06-14 19:29:44
509,Rafsanjan,IR,30.41,55.99,87.93,10,0,2.59,clear sky,0.0,0.0,2020-06-14 19:29:44
510,Corner Brook,CA,48.97,-57.95,62.6,59,75,9.17,broken clouds,0.0,0.0,2020-06-14 19:29:45
511,Pishva,IR,35.31,51.73,86.0,10,0,11.41,clear sky,0.0,0.0,2020-06-14 19:29:45
512,Safranbolu,TR,41.25,32.69,58.87,80,0,0.6,clear sky,0.0,0.0,2020-06-14 19:29:45
513,Lima,PE,-12.04,-77.03,69.8,64,90,6.93,overcast clouds,0.0,0.0,2020-06-14 19:27:34
514,Punto Fijo,VE,11.7,-70.2,86.5,65,62,27.04,broken clouds,0.0,0.0,2020-06-14 19:29:45
515,Deqing,CN,30.54,119.96,81.0,92,100,1.25,overcast clouds,0.0,0.0,2020-06-14 19:29:46
516,Saint-Francois,FR,46.42,3.91,68.0,56,11,5.82,few clouds,0.0,0.0,2020-06-14 19:29:46
517,Sistranda,NO,63.73,8.83,59.0,77,47,10.29,scattered clouds,0.0,0.0,2020-06-14 19:29:46
518,Hauterive,FR,46.09,3.45,68.0,72,0,4.7,clear sky,0.0,0.0,2020-06-14 19:29:47
519,Sao Jose Da Coroa Grande,BR,-8.9,-35.15,79.81,78,1,13.51,clear sky,0.0,0.0,2020-06-14 19:29:47
520,Akdagmadeni,TR,39.66,35.88,52.3,74,19,1.05,few clouds,0.0,0.0,2020-06-14 19:29:47
521,Casper,US,42.87,-106.31,80.01,14,1,34.45,clear sky,0.0,0.0,2020-06-14 19:26:12
522,Zhuhai,CN,22.28,113.57,82.4,94,40,6.93,light intensity shower rain,0.0,0.0,2020-06-14 19:25:38
523,Sondrio,IT,46.17,9.87,57.0,63,68,1.01,broken clouds,0.0,0.0,2020-06-14 19:29:48
524,Los Llanos De Aridane,ES,28.66,-17.92,73.4,73,40,3.36,scattered clouds,0.0,0.0,2020-06-14 19:29:48
525,Klyuchi,RU,52.27,79.17,53.51,69,61,6.24,broken clouds,0.0,0.0,2020-06-14 19:29:48
526,Paris,FR,48.85,2.35,69.01,63,49,8.05,scattered clouds,0.0,0.0,2020-06-14 19:27:38
527,Bellmead,US,31.59,-97.11,91.0,29,5,6.93,clear sky,0.0,0.0,2020-06-14 19:29:48
528,Necochea,AR,-38.55,-58.74,55.99,46,0,5.01,clear sky,0.0,0.0,2020-06-14 19:29:49
529,Ludhiana,IN,30.9,75.85,96.08,14,0,2.24,clear sky,0.0,0.0,2020-06-14 19:29:49
530,Monywa,MM,22.12,95.13,88.23,57,100,11.9,moderate rain,1.04,0.0,2020-06-14 19:29:49
531,Romanovka,RU,51.74,42.75,59.23,67,94,15.84,overcast clouds,0.0,0.0,2020-06-14 19:29:49
532,Iralaya,HN,15.0,-83.23,89.6,55,75,3.36,broken clouds,0.0,0.0,2020-06-14 19:29:50
533,Touros,BR,-5.2,-35.46,80.6,78,40,5.82,scattered clouds,0.0,0.0,2020-06-14 19:29:50
534,Parakou,BJ,9.34,2.63,79.63,78,40,5.48,scattered clouds,0.0,0.0,2020-06-14 19:29:50
535,Natchitoches,US,31.77,-93.13,91.4,49,40,5.82,scattered clouds,0.0,0.0,2020-06-14 19:29:50
536,Los Lunas,US,34.81,-106.73,91.99,18,1,11.41,clear sky,0.0,0.0,2020-06-14 19:29:51
537,Moron,AR,-34.65,-58.62,57.0,38,0,3.0,clear sky,0.0,0.0,2020-06-14 19:28:10
538,Alta Floresta,BR,-9.88,-56.09,95.0,28,20,10.29,few clouds,0.0,0.0,2020-06-14 19:29:51
539,Bijie,CN,27.31,105.29,64.47,92,83,2.57,broken clouds,0.0,0.0,2020-06-14 19:29:51
540,Kangaatsiaq,GL,68.31,-53.46,33.8,90,100,14.36,overcast clouds,0.0,0.0,2020-06-14 19:29:51
541,Bathsheba,BB,13.22,-59.52,87.8,62,20,20.8,few clouds,0.0,0.0,2020-06-14 19:27:56
542,Guane,CU,22.2,-84.09,87.24,61,41,5.77,light rain,0.72,0.0,2020-06-14 19:29:52
543,Sungaipenuh,ID,-2.08,101.38,64.94,92,9,2.73,clear sky,0.0,0.0,2020-06-14 19:29:52
544,Saqqez,IR,36.25,46.27,61.56,31,0,5.44,clear sky,0.0,0.0,2020-06-14 19:29:53
545,Bourne,GB,52.77,-0.38,62.6,82,100,9.17,overcast clouds,0.0,0.0,2020-06-14 19:29:53
546,Bassano,CA,50.78,-112.47,68.0,44,100,1.99,overcast clouds,0.0,0.0,2020-06-14 19:29:53
547,Clarence Town,AU,-32.58,151.78,53.01,71,0,16.11,clear sky,0.0,0.0,2020-06-14 19:29:53
548,Waingapu,ID,-9.66,120.26,75.61,84,1,9.28,clear sky,0.0,0.0,2020-06-14 19:29:53
549,Mikkeli,FI,61.69,27.27,66.0,46,0,4.45,clear sky,0.0,0.0,2020-06-14 19:29:54
550,Tuatapere,NZ,-46.13,167.68,39.0,83,100,3.0,overcast clouds,0.0,0.0,2020-06-14 19:29:54
551,Corsicana,US,32.1,-96.47,90.0,33,20,3.36,few clouds,0.0,0.0,2020-06-14 19:29:54
552,Storm Lake,US,42.64,-95.21,82.4,44,1,24.16,clear sky,0.0,0.0,2020-06-14 19:29:54
553,Ouallam,NE,14.32,2.09,105.17,17,32,8.99,scattered clouds,0.0,0.0,2020-06-14 19:29:55
554,Mahajanga,MG,-15.72,46.32,75.2,53,10,2.24,clear sky,0.0,0.0,2020-06-14 19:29:55
555,Itoman,JP,26.12,127.67,82.4,100,20,10.29,few clouds,0.0,0.0,2020-06-14 19:29:55
556,Mareeba,AU,-17.0,145.43,75.2,88,75,5.82,broken clouds,0.0,0.0,2020-06-14 19:29:55
557,Ornskoldsvik,SE,63.29,18.72,68.0,42,0,8.05,clear sky,0.0,0.0,2020-06-14 19:29:56
558,Sebaco,NI,12.85,-86.1,82.63,71,96,3.67,moderate rain,2.4,0.0,2020-06-14 19:29:56
559,Mikuni,JP,36.22,136.15,71.6,94,75,10.29,mist,0.0,0.0,2020-06-14 19:29:56
560,Abashiri,JP,44.02,144.27,60.01,77,89,1.99,overcast clouds,0.0,0.0,2020-06-14 19:29:56
561,Baherden,TM,38.44,57.43,92.43,13,0,4.56,clear sky,0.0,0.0,2020-06-14 19:29:57
562,Saint-Georges,GD,12.06,-61.75,86.0,70,20,13.87,few clouds,0.0,0.0,2020-06-14 19:29:57
563,Saint-Pierre,RE,-21.34,55.48,73.4,56,75,11.41,broken clouds,0.0,0.0,2020-06-14 19:29:57
564,Nichinan,JP,31.6,131.37,78.8,83,90,17.22,light intensity shower rain,0.0,0.0,2020-06-14 19:29:58
565,The Pas,CA,53.83,-101.25,73.4,56,20,23.04,few clouds,0.0,0.0,2020-06-14 19:29:58
566,Zhangjiakou,CN,40.81,114.88,66.04,31,0,2.75,clear sky,0.0,0.0,2020-06-14 19:29:58
567,Gimli,CA,50.63,-96.99,68.5,66,100,18.39,overcast clouds,0.0,0.0,2020-06-14 19:25:45
568,Arcachon,FR,44.59,-1.05,66.2,68,18,9.17,few clouds,0.0,0.0,2020-06-14 19:29:59
569,Dingle,PH,11.0,122.67,78.26,85,100,4.23,overcast clouds,0.0,0.0,2020-06-14 19:29:59
570,Puerto Colombia,CO,10.99,-74.95,89.6,75,40,10.29,scattered clouds,0.0,0.0,2020-06-14 19:27:03
